{
    "fit_time": [
        0.4287128448486328,
        0.373553991317749,
        0.35196781158447266,
        0.36273980140686035,
        0.5188100337982178
    ],
    "score_time": [
        0.06611895561218262,
        0.06643295288085938,
        0.06560564041137695,
        0.06531143188476562,
        0.06724929809570312
    ],
    "test_accuracy": [
        0.7217391304347827,
        0.7652173913043478,
        0.7304347826086957,
        0.7652173913043478,
        0.7729257641921398
    ],
    "test_balanced_accuracy": [
        0.5529411764705883,
        0.5823529411764706,
        0.5857843137254901,
        0.5823529411764706,
        0.6201894317048854
    ],
    "test_average_precision": [
        0.439045488216642,
        0.5245562538926384,
        0.43027572706280287,
        0.4958023611968032,
        0.49205238357803766
    ],
    "test_f1": [
        0.27272727272727276,
        0.30769230769230765,
        0.3541666666666667,
        0.30769230769230765,
        0.40909090909090917
    ],
    "test_roc_auc": [
        0.7072549019607843,
        0.7501960784313725,
        0.7157843137254902,
        0.6904901960784314,
        0.741874376869392
    ],
    "test_mccf1_score": [
        NaN,
        NaN,
        NaN,
        NaN,
        NaN
    ]
}