{
    "fit_time": [
        0.45478034019470215,
        0.3949451446533203,
        0.38168787956237793,
        0.47447848320007324,
        0.3868441581726074
    ],
    "score_time": [
        0.07285642623901367,
        0.06753420829772949,
        0.06735086441040039,
        0.06649899482727051,
        0.06585407257080078
    ],
    "test_accuracy": [
        0.8386167146974063,
        0.8069164265129684,
        0.8357348703170029,
        0.8357348703170029,
        0.8357348703170029
    ],
    "test_balanced_accuracy": [
        0.53890065913371,
        0.540534262485482,
        0.5579558652729385,
        0.5579558652729385,
        0.5711382113821138
    ],
    "test_average_precision": [
        0.4151247641599573,
        0.2995035081799835,
        0.3892178072248395,
        0.4075898752885706,
        0.4814328393085066
    ],
    "test_f1": [
        0.15151515151515152,
        0.1927710843373494,
        0.2191780821917808,
        0.2191780821917808,
        0.2597402597402597
    ],
    "test_roc_auc": [
        0.753707627118644,
        0.6997677119628339,
        0.7443670150987224,
        0.7426248548199769,
        0.8124854819976771
    ],
    "test_mccf1_score": [
        NaN,
        NaN,
        NaN,
        NaN,
        NaN
    ]
}