{
    "fit_time": [
        0.29703783988952637,
        0.22062325477600098,
        0.22046613693237305,
        0.216813325881958,
        0.28691792488098145
    ],
    "score_time": [
        0.025733470916748047,
        0.023641109466552734,
        0.023761987686157227,
        0.02379441261291504,
        0.024103164672851562
    ],
    "test_accuracy": [
        0.8795620437956204,
        0.8905109489051095,
        0.8722627737226277,
        0.8905109489051095,
        0.8827838827838828
    ],
    "test_balanced_accuracy": [
        0.5240276118412319,
        0.5583432895260851,
        0.5344783057851239,
        0.5583677685950413,
        0.49793388429752067
    ],
    "test_average_precision": [
        0.23618997852794343,
        0.33448461707914223,
        0.3009901146006538,
        0.3031174603627057,
        0.3041448270386335
    ],
    "test_f1": [
        0.1081081081081081,
        0.2105263157894737,
        0.14634146341463417,
        0.21052631578947367,
        0.0
    ],
    "test_roc_auc": [
        0.7260055754679411,
        0.7216248506571087,
        0.734504132231405,
        0.7143595041322314,
        0.715942415355905
    ],
    "test_mccf1_score": [
        NaN,
        NaN,
        NaN,
        NaN,
        NaN
    ]
}