{
    "fit_time": [
        0.04823708534240723,
        0.04840970039367676,
        0.04778242111206055,
        0.04645943641662598,
        0.04792499542236328
    ],
    "score_time": [
        0.025032520294189453,
        0.022068500518798828,
        0.02163863182067871,
        0.021934032440185547,
        0.021933317184448242
    ],
    "test_accuracy": [
        1.0,
        0.75,
        0.5,
        0.75,
        0.75
    ],
    "test_balanced_accuracy": [
        1.0,
        0.5,
        0.3333333333333333,
        0.5,
        0.5
    ],
    "test_average_precision": [
        -0.0,
        1.0,
        0.3333333333333333,
        0.25,
        0.25
    ],
    "test_f1": [
        0.0,
        0.0,
        0.0,
        0.0,
        0.0
    ],
    "test_roc_auc": [
        NaN,
        1.0,
        0.33333333333333337,
        0.0,
        0.16666666666666669
    ],
    "test_mccf1_score": [
        NaN,
        NaN,
        NaN,
        NaN,
        NaN
    ]
}