{
    "fit_time": [
        0.056099891662597656,
        0.05812382698059082,
        0.05171990394592285,
        0.05823874473571777,
        0.0520174503326416
    ],
    "score_time": [
        0.024029016494750977,
        0.02262258529663086,
        0.022364139556884766,
        0.022577524185180664,
        0.023624897003173828
    ],
    "test_accuracy": [
        0.8,
        0.8888888888888888,
        0.8888888888888888,
        0.8888888888888888,
        0.8888888888888888
    ],
    "test_balanced_accuracy": [
        0.4444444444444444,
        0.5,
        0.5,
        0.5,
        0.5
    ],
    "test_average_precision": [
        0.25,
        0.5,
        0.16666666666666666,
        0.16666666666666666,
        0.3333333333333333
    ],
    "test_f1": [
        0.0,
        0.0,
        0.0,
        0.0,
        0.0
    ],
    "test_roc_auc": [
        0.6666666666666667,
        0.875,
        0.375,
        0.375,
        0.75
    ],
    "test_mccf1_score": [
        NaN,
        NaN,
        NaN,
        NaN,
        NaN
    ]
}