{
    "fit_time": [
        0.4071011543273926,
        0.39220643043518066,
        0.3994638919830322,
        0.39429330825805664,
        0.40213608741760254
    ],
    "score_time": [
        0.06614947319030762,
        0.0666358470916748,
        0.06645894050598145,
        0.06609344482421875,
        0.06585979461669922
    ],
    "test_accuracy": [
        0.8891352549889135,
        0.8869179600886918,
        0.8913525498891353,
        0.893569844789357,
        0.8955555555555555
    ],
    "test_balanced_accuracy": [
        0.4975186104218362,
        0.5146298593879239,
        0.5171112489660877,
        0.5183519437551696,
        0.5379353233830846
    ],
    "test_average_precision": [
        0.2081120271837236,
        0.27250208452588154,
        0.20755501730953646,
        0.2366916400472835,
        0.3062320707191032
    ],
    "test_f1": [
        0.0,
        0.07272727272727272,
        0.07547169811320754,
        0.07692307692307693,
        0.14545454545454545
    ],
    "test_roc_auc": [
        0.744313482216708,
        0.7300971877584781,
        0.699079818031431,
        0.6846567411083541,
        0.7196828358208954
    ],
    "test_mccf1_score": [
        NaN,
        NaN,
        NaN,
        NaN,
        NaN
    ]
}