{
    "fit_time": [
        0.43221282958984375,
        0.34891462326049805,
        0.3701910972595215,
        0.35860681533813477,
        0.357830286026001
    ],
    "score_time": [
        0.07420063018798828,
        0.06606197357177734,
        0.06581640243530273,
        0.06592273712158203,
        0.06629371643066406
    ],
    "test_accuracy": [
        0.8963414634146342,
        0.8780487804878049,
        0.8871951219512195,
        0.8902439024390244,
        0.8960244648318043
    ],
    "test_balanced_accuracy": [
        0.5260104041616647,
        0.5028011204481793,
        0.5079031612645057,
        0.522609043617447,
        0.5389981931339088
    ],
    "test_average_precision": [
        0.20967976421452394,
        0.206268350823989,
        0.24152689755216503,
        0.21004658419074598,
        0.28565463268433683
    ],
    "test_f1": [
        0.10526315789473684,
        0.047619047619047616,
        0.05128205128205128,
        0.1,
        0.15
    ],
    "test_roc_auc": [
        0.6631652661064426,
        0.6931772709083633,
        0.7079831932773109,
        0.6543617446978791,
        0.7514555310178679
    ],
    "test_mccf1_score": [
        NaN,
        NaN,
        NaN,
        NaN,
        NaN
    ]
}