{
    "fit_time": [
        0.4258131980895996,
        0.4404463768005371,
        0.4203152656555176,
        0.5664718151092529,
        0.5640871524810791
    ],
    "score_time": [
        0.06622600555419922,
        0.06662726402282715,
        0.06665730476379395,
        0.06665349006652832,
        0.06560468673706055
    ],
    "test_accuracy": [
        0.8957952468007313,
        0.8884826325411335,
        0.8884826325411335,
        0.8921389396709324,
        0.9010989010989011
    ],
    "test_balanced_accuracy": [
        0.5469199178644764,
        0.5208932238193018,
        0.5281998631074607,
        0.5156399726214922,
        0.5796122924859917
    ],
    "test_average_precision": [
        0.36272578639118613,
        0.24104726101177526,
        0.3057174913137536,
        0.32129851238818974,
        0.4151769772144953
    ],
    "test_f1": [
        0.1739130434782609,
        0.08955223880597016,
        0.11594202898550725,
        0.06349206349206349,
        0.27027027027027023
    ],
    "test_roc_auc": [
        0.7828199863107461,
        0.7041752224503764,
        0.7591033538672142,
        0.7660164271047227,
        0.7734312463021613
    ],
    "test_mccf1_score": [
        NaN,
        NaN,
        NaN,
        NaN,
        NaN
    ]
}