{
    "fit_time": [
        0.35378241539001465,
        0.3499724864959717,
        0.3548147678375244,
        0.354736328125,
        0.36092281341552734
    ],
    "score_time": [
        0.06581377983093262,
        0.07478952407836914,
        0.07010889053344727,
        0.06648516654968262,
        0.06492161750793457
    ],
    "test_accuracy": [
        0.8936170212765957,
        0.8905775075987842,
        0.8905775075987842,
        0.899390243902439,
        0.8963414634146342
    ],
    "test_balanced_accuracy": [
        0.49830508474576274,
        0.5096211365902293,
        0.5096211365902293,
        0.5407162865146058,
        0.5260104041616647
    ],
    "test_average_precision": [
        0.22861991745953456,
        0.1806960063048725,
        0.24663988398501072,
        0.2812456942434002,
        0.27526689580245534
    ],
    "test_f1": [
        0.0,
        0.05263157894736842,
        0.05263157894736842,
        0.15384615384615385,
        0.10526315789473684
    ],
    "test_roc_auc": [
        0.7152542372881355,
        0.6667996011964108,
        0.713160518444666,
        0.7090836334533813,
        0.7364945978391356
    ],
    "test_mccf1_score": [
        NaN,
        NaN,
        NaN,
        NaN,
        NaN
    ]
}