{
    "fit_time": [
        0.38887524604797363,
        0.39865946769714355,
        0.4634740352630615,
        0.39614272117614746,
        0.3936741352081299
    ],
    "score_time": [
        0.0659632682800293,
        0.06543350219726562,
        0.06580662727355957,
        0.06580829620361328,
        0.06710672378540039
    ],
    "test_accuracy": [
        0.8871681415929203,
        0.8849557522123894,
        0.8938053097345132,
        0.9002217294900222,
        0.8957871396895787
    ],
    "test_balanced_accuracy": [
        0.4962871287128713,
        0.5042285478547854,
        0.5091790429042904,
        0.53125,
        0.537944582299421
    ],
    "test_average_precision": [
        0.2320245683774766,
        0.2283087720320493,
        0.24076413606040936,
        0.31264216551037316,
        0.3485381706148738
    ],
    "test_f1": [
        0.0,
        0.037037037037037035,
        0.039999999999999994,
        0.11764705882352941,
        0.14545454545454545
    ],
    "test_roc_auc": [
        0.7049298679867987,
        0.7244740099009901,
        0.7075598184818481,
        0.6754032258064517,
        0.7482423490488006
    ],
    "test_mccf1_score": [
        NaN,
        NaN,
        NaN,
        NaN,
        NaN
    ]
}