{
    "fit_time": [
        0.41323280334472656,
        0.4113337993621826,
        0.42419886589050293,
        0.42550158500671387,
        0.4220142364501953
    ],
    "score_time": [
        0.06833720207214355,
        0.06676506996154785,
        0.06640625,
        0.06685543060302734,
        0.06613397598266602
    ],
    "test_accuracy": [
        0.8978102189781022,
        0.8886861313868614,
        0.8868613138686131,
        0.8939670932358318,
        0.9012797074954296
    ],
    "test_balanced_accuracy": [
        0.5479508196721312,
        0.5209016393442623,
        0.5344945355191256,
        0.5233745484856905,
        0.5719199178644764
    ],
    "test_average_precision": [
        0.3296984926413024,
        0.2625911591746183,
        0.29177879803150397,
        0.3305324736690236,
        0.4248367501357873
    ],
    "test_f1": [
        0.17647058823529416,
        0.08955223880597016,
        0.1388888888888889,
        0.09375000000000001,
        0.24999999999999997
    ],
    "test_roc_auc": [
        0.7701161202185792,
        0.7107581967213115,
        0.7593920765027323,
        0.7412128368991386,
        0.7963381245722109
    ],
    "test_mccf1_score": [
        NaN,
        NaN,
        NaN,
        NaN,
        NaN
    ]
}