{
    "fit_time": [
        0.6835863590240479,
        0.42360997200012207,
        0.41846466064453125,
        0.4187471866607666,
        0.42311978340148926
    ],
    "score_time": [
        0.1320486068725586,
        0.06665658950805664,
        0.06623649597167969,
        0.06700420379638672,
        0.09472036361694336
    ],
    "test_accuracy": [
        0.8978102189781022,
        0.8886861313868614,
        0.8868613138686131,
        0.8939670932358318,
        0.9012797074954296
    ],
    "test_balanced_accuracy": [
        0.5479508196721312,
        0.5209016393442623,
        0.5344945355191256,
        0.5233745484856905,
        0.5719199178644764
    ],
    "test_average_precision": [
        0.3296984926413024,
        0.2625911591746183,
        0.29177879803150397,
        0.3305324736690236,
        0.4248367501357873
    ],
    "test_f1": [
        0.17647058823529416,
        0.08955223880597016,
        0.1388888888888889,
        0.09375000000000001,
        0.24999999999999997
    ],
    "test_roc_auc": [
        0.7701161202185792,
        0.7107581967213115,
        0.7593920765027323,
        0.7412128368991386,
        0.7963381245722109
    ],
    "test_mccf1_score": [
        NaN,
        NaN,
        NaN,
        NaN,
        NaN
    ]
}