{
    "fit_time": [
        0.25307393074035645,
        0.19814276695251465,
        0.19279813766479492,
        0.19123101234436035,
        0.19263863563537598
    ],
    "score_time": [
        0.023707151412963867,
        0.023853540420532227,
        0.023703575134277344,
        0.023605823516845703,
        0.02339315414428711
    ],
    "test_accuracy": [
        0.8982300884955752,
        0.8982300884955752,
        0.88,
        0.8933333333333333,
        0.8977777777777778
    ],
    "test_balanced_accuracy": [
        0.5578282287427715,
        0.538552152495181,
        0.4876847290640394,
        0.49507389162561577,
        0.5583296014330497
    ],
    "test_average_precision": [
        0.25549181640280777,
        0.21799130193097568,
        0.23494034612205256,
        0.15531026649673316,
        0.28048256414416506
    ],
    "test_f1": [
        0.20689655172413793,
        0.14814814814814817,
        0.0,
        0.0,
        0.20689655172413793
    ],
    "test_roc_auc": [
        0.6723067037909617,
        0.66887984579139,
        0.8090013434841021,
        0.6088222122704882,
        0.6777877295118675
    ],
    "test_mccf1_score": [
        NaN,
        NaN,
        NaN,
        NaN,
        NaN
    ]
}