{
    "fit_time": [
        0.22414207458496094,
        0.16211628913879395,
        0.1637897491455078,
        0.23787140846252441,
        0.16242218017578125
    ],
    "score_time": [
        0.02515268325805664,
        0.02366805076599121,
        0.02328968048095703,
        0.02378082275390625,
        0.023392200469970703
    ],
    "test_accuracy": [
        0.9024390243902439,
        0.8841463414634146,
        0.8902439024390244,
        0.9024390243902439,
        0.8780487804878049
    ],
    "test_balanced_accuracy": [
        0.555422168867547,
        0.5192076830732293,
        0.4965986394557823,
        0.555422168867547,
        0.4897959183673469
    ],
    "test_average_precision": [
        0.237270923193879,
        0.2544585963912239,
        0.25708143635961805,
        0.2958698532878141,
        0.17346666745012046
    ],
    "test_f1": [
        0.2,
        0.09523809523809523,
        0.0,
        0.2,
        0.0
    ],
    "test_roc_auc": [
        0.5338135254101641,
        0.7058823529411764,
        0.6446578631452581,
        0.6718687474989996,
        0.575030012004802
    ],
    "test_mccf1_score": [
        NaN,
        NaN,
        NaN,
        NaN,
        NaN
    ]
}