{
    "fit_time": [
        0.2593801021575928,
        0.15088725090026855,
        0.1559457778930664,
        0.16011786460876465,
        0.15241336822509766
    ],
    "score_time": [
        0.024053573608398438,
        0.025656938552856445,
        0.023967742919921875,
        0.02369236946105957,
        0.023835420608520508
    ],
    "test_accuracy": [
        0.8787878787878788,
        0.8909090909090909,
        0.8902439024390244,
        0.8658536585365854,
        0.8780487804878049
    ],
    "test_balanced_accuracy": [
        0.4931972789115646,
        0.5243764172335601,
        0.4965986394557823,
        0.4863013698630137,
        0.517503805175038
    ],
    "test_average_precision": [
        0.21836873707465146,
        0.341811125077253,
        0.17891787733833758,
        0.11945074215375157,
        0.18864643804951656
    ],
    "test_f1": [
        0.0,
        0.09999999999999999,
        0.0,
        0.0,
        0.0909090909090909
    ],
    "test_roc_auc": [
        0.7078609221466364,
        0.6439909297052155,
        0.6810724289715886,
        0.5144596651445966,
        0.593226788432268
    ],
    "test_mccf1_score": [
        NaN,
        NaN,
        NaN,
        NaN,
        NaN
    ]
}