{
    "fit_time": [
        0.2593867778778076,
        0.16459321975708008,
        0.16526150703430176,
        0.1634972095489502,
        0.16161537170410156
    ],
    "score_time": [
        0.02440023422241211,
        0.023401260375976562,
        0.02397465705871582,
        0.022942066192626953,
        0.02293848991394043
    ],
    "test_accuracy": [
        0.8893805309734514,
        0.8893805309734514,
        0.8716814159292036,
        0.8982300884955752,
        0.8888888888888888
    ],
    "test_balanced_accuracy": [
        0.4975247524752475,
        0.5158828382838284,
        0.5059818481848185,
        0.557549504950495,
        0.5158582089552239
    ],
    "test_average_precision": [
        0.20365961657872486,
        0.22124729493330764,
        0.1601877303321409,
        0.2722044027047941,
        0.22370208534123076
    ],
    "test_f1": [
        0.0,
        0.07407407407407407,
        0.06451612903225806,
        0.20689655172413793,
        0.07407407407407407
    ],
    "test_roc_auc": [
        0.6518151815181518,
        0.6643976897689768,
        0.6062293729372937,
        0.6454207920792079,
        0.6243781094527363
    ],
    "test_mccf1_score": [
        NaN,
        NaN,
        NaN,
        NaN,
        NaN
    ]
}