{
    "fit_time": [
        0.1160273551940918,
        0.10078835487365723,
        0.09808135032653809,
        0.10128998756408691,
        0.10198545455932617
    ],
    "score_time": [
        0.07312440872192383,
        0.0667109489440918,
        0.06391692161560059,
        0.06328201293945312,
        0.06317687034606934
    ],
    "test_accuracy": [
        0.875,
        0.875,
        0.875,
        0.875,
        0.875
    ],
    "test_balanced_accuracy": [
        0.5,
        0.5,
        0.5,
        0.5,
        0.5
    ],
    "test_average_precision": [
        0.125,
        0.2,
        0.125,
        0.3333333333333333,
        0.3333333333333333
    ],
    "test_f1": [
        0.0,
        0.0,
        0.0,
        0.0,
        0.0
    ],
    "test_roc_auc": [
        0.0,
        0.4285714285714286,
        0.0,
        0.7142857142857143,
        0.7142857142857143
    ],
    "test_mccf1_score": [
        NaN,
        NaN,
        NaN,
        NaN,
        NaN
    ]
}